Name,GitHubID
Elemen,404ll
Muxin,muxin-web3
Zemmer,Huowuge
alex_lee,alex lee
mark,markerup
wayhome,wayhome
Lu,LRlulu
gills,gillsgills
Ray,rayjun
Nova_Notes,novac42code
Xue-L,Chen-XueLing
Affe,imaffe
yuxing,yuxing11
leokkk,leokkk88
Ric-Li-C,linghuccc
WENDY123,WENDY1233211991
lyi,jjeejj
Defi 残酷共学-Mark,markerup
唐三水,Tunnelai
haomiao,mmssddss
Derick,DerickIT
xiaodongQ,xiaodongQ
Young-Jeff,Young-Jeff
qiaopengjun,qiaopengjun5162
Punkcan,punkcanyang
YuKirasawa,YuKirasawa
hython,joyc
Anchor,TheHeBoy
Sifotd,Sifotd
Stella,LunaWang5209
Helios,HeliosLz
dethan3,dethan3
John,Joan1caster
btou,btou666
Ellen,Ellenp2p
char,charlottyge
Kristin,L1rul1n
Coooder,Coooder-Crypto
Neal,snaildarter
wureny,wureny
evilgenius,Glances
Q,mon1y
Naomi,boombb12138
breeze,weifengHuang
Harris,Harriswww
hansen,nocb
wzl,wzl521
tiao,notthere-2023
wodeche,wodeche
Oscar,luffythink
zedz,zedz